{
  "forest_2015_km2": 0.8156709283539727,
  "forest_2024_km2": 0.9526770395365705,
  "forest_loss_km2": 0.3064673121724745,
  "forest_gain_km2": 0.4434734233550728,
  "net_change_km2": 0.13700611118259776,
  "percent_change": 16.7967382948264
}