{
  "forest_2015_km2": 0.2594621715918746,
  "forest_2024_km2": 0.5851012528904627,
  "forest_loss_km2": 0.012759427605154,
  "forest_gain_km2": 0.33839850890374323,
  "net_change_km2": 0.32563908129858804,
  "percent_change": 125.50541734107101
}