{
  "forest_2015_km2": 0.7650605148138598,
  "forest_2024_km2": 1.1076435568789014,
  "forest_loss_km2": 0.008141978206290453,
  "forest_gain_km2": 0.3507250202713312,
  "net_change_km2": 0.34258304206504153,
  "percent_change": 44.77855482430594
}